<?xml version="1.0" encoding="UTF-8"?>
<project-private xmlns="http://www.netbeans.org/ns/project-private/1">
    <editor-bookmarks xmlns="http://www.netbeans.org/ns/editor-bookmarks/2" lastBookmarkId="0"/>
    <open-files xmlns="http://www.netbeans.org/ns/projectui-open-files/2">
        <group>
            <file>file:/C:/Users/dell/Documents/NetBeansProjects/ClassRoomManagementSystem/web/AddLecture.jsp</file>
            <file>file:/C:/Users/dell/Documents/NetBeansProjects/ClassRoomManagementSystem/web/StudentLogin.jsp</file>
            <file>file:/C:/Users/dell/Documents/NetBeansProjects/ClassRoomManagementSystem/web/AddEvent.jsp</file>
            <file>file:/C:/Users/dell/Documents/NetBeansProjects/ClassRoomManagementSystem/web/AddFaculty.jsp</file>
            <file>file:/C:/Users/dell/Documents/NetBeansProjects/ClassRoomManagementSystem/web/StudentRegister.jsp</file>
            <file>file:/C:/Users/dell/Documents/NetBeansProjects/ClassRoomManagementSystem/web/ViewEvent.jsp</file>
            <file>file:/C:/Users/dell/Documents/NetBeansProjects/ClassRoomManagementSystem/web/AddHoliday.jsp</file>
            <file>file:/C:/Users/dell/Documents/NetBeansProjects/ClassRoomManagementSystem/web/StudentHome.jsp</file>
            <file>file:/C:/Users/dell/Documents/NetBeansProjects/ClassRoomManagementSystem/web/ViewHolidays.jsp</file>
            <file>file:/C:/Users/dell/Documents/NetBeansProjects/ClassRoomManagementSystem/web/ViewSchedule.jsp</file>
            <file>file:/C:/Users/dell/Documents/NetBeansProjects/ClassRoomManagementSystem/web/AdminLoginJ.jsp</file>
            <file>file:/C:/Users/dell/Documents/NetBeansProjects/ClassRoomManagementSystem/web/index.html</file>
            <file>file:/C:/Users/dell/Documents/NetBeansProjects/ClassRoomManagementSystem/web/StudentLoginJ.jsp</file>
            <file>file:/C:/Users/dell/Documents/NetBeansProjects/ClassRoomManagementSystem/web/AdminHome.jsp</file>
        </group>
    </open-files>
</project-private>
